<?xml version="1.0" encoding="UTF-8"?>
<con:soapui-project id="6d61d7b3-e897-4e24-9488-5066daf9ee08" activeEnvironment="Default" name="MTOM-WS" resourceRoot="" soapui-version="5.5.0" abortOnError="false" runType="SEQUENTIAL" xmlns:con="http://eviware.com/soapui/config"><con:settings><con:setting id="Port">4040</con:setting><con:setting id="Set endpoint for HTTP Tunnel:">https://</con:setting><con:setting id="HTTP tunnel - KeyStore"/><con:setting id="HTTP tunnel - Password"/><con:setting id="HTTP tunnel - KeyPassword"/><con:setting id="HTTP tunnel - TrustStore"/><con:setting id="HTTP tunnel - TrustStore Password"/><con:setting id="Reuse request state">false</con:setting><con:setting id="HTTP tunnel - Set SSL Client Key Store path"/><con:setting id="Content types to monitor">/*, */html, */xml, */soap+xml, */json, */x-json, */javascript, */x-amf, */http</con:setting><con:setting id="HTTP tunnel - Set SSL Client Key Store Password"/></con:settings><con:interface xsi:type="con:WsdlInterface" id="407c9e5c-06e5-499e-a8bc-267dfa7d2ca2" wsaVersion="NONE" name="ImageServerImplPortBinding" type="wsdl" bindingName="{http://myservice/}ImageServerImplPortBinding" soapVersion="1_1" anonymous="optional" definition="http://localhost:8888/ws/server?wsdl" xmlns:xsi="http://www.w3.org/2001/XMLSchema-instance"><con:settings/><con:definitionCache type="TEXT" rootPart="http://localhost:8888/ws/server?wsdl"><con:part><con:url>http://localhost:8888/ws/server?wsdl</con:url><con:content><![CDATA[<!--Published by JAX-WS RI (http://jax-ws.java.net). RI's version is JAX-WS RI 2.2.9-b130926.1035 svn-revision#5f6196f2b90e9460065a4c2f4e30e065b245e51e.-->
<!--Generated by JAX-WS RI (http://jax-ws.java.net). RI's version is JAX-WS RI 2.2.9-b130926.1035 svn-revision#5f6196f2b90e9460065a4c2f4e30e065b245e51e.-->
<definitions targetNamespace="http://myservice/" name="ImageServerImplService" xmlns:wsu="http://docs.oasis-open.org/wss/2004/01/oasis-200401-wss-wssecurity-utility-1.0.xsd" xmlns:wsp="http://www.w3.org/ns/ws-policy" xmlns:wsp1_2="http://schemas.xmlsoap.org/ws/2004/09/policy" xmlns:wsam="http://www.w3.org/2007/05/addressing/metadata" xmlns:soap="http://schemas.xmlsoap.org/wsdl/soap/" xmlns:tns="http://myservice/" xmlns:xsd="http://www.w3.org/2001/XMLSchema" xmlns="http://schemas.xmlsoap.org/wsdl/">
  <wsp:Policy wsu:Id="ImageServerImplPortBinding_MTOM_Policy">
    <ns1:OptimizedMimeSerialization wsp:Optional="true" xmlns:ns1="http://schemas.xmlsoap.org/ws/2004/09/policy/optimizedmimeserialization"/>
  </wsp:Policy>
  <types>
    <xsd:schema>
      <xsd:import namespace="http://myservice/" schemaLocation="http://localhost:8888/ws/server?xsd=1"/>
    </xsd:schema>
  </types>
  <message name="echo">
    <part name="parameters" element="tns:echo"/>
  </message>
  <message name="echoResponse">
    <part name="parameters" element="tns:echoResponse"/>
  </message>
  <message name="downloadImage">
    <part name="parameters" element="tns:downloadImage"/>
  </message>
  <message name="downloadImageResponse">
    <part name="parameters" element="tns:downloadImageResponse"/>
  </message>
  <portType name="ImageServerImpl">
    <operation name="echo">
      <input wsam:Action="http://myservice/ImageServerImpl/echoRequest" message="tns:echo"/>
      <output wsam:Action="http://myservice/ImageServerImpl/echoResponse" message="tns:echoResponse"/>
    </operation>
    <operation name="downloadImage">
      <input wsam:Action="http://myservice/ImageServerImpl/downloadImageRequest" message="tns:downloadImage"/>
      <output wsam:Action="http://myservice/ImageServerImpl/downloadImageResponse" message="tns:downloadImageResponse"/>
    </operation>
  </portType>
  <binding name="ImageServerImplPortBinding" type="tns:ImageServerImpl">
    <wsp:PolicyReference URI="#ImageServerImplPortBinding_MTOM_Policy"/>
    <soap:binding transport="http://schemas.xmlsoap.org/soap/http" style="document"/>
    <operation name="echo">
      <soap:operation soapAction=""/>
      <input>
        <soap:body use="literal"/>
      </input>
      <output>
        <soap:body use="literal"/>
      </output>
    </operation>
    <operation name="downloadImage">
      <soap:operation soapAction=""/>
      <input>
        <soap:body use="literal"/>
      </input>
      <output>
        <soap:body use="literal"/>
      </output>
    </operation>
  </binding>
  <service name="ImageServerImplService">
    <port name="ImageServerImplPort" binding="tns:ImageServerImplPortBinding">
      <soap:address location="http://localhost:8888/ws/server"/>
    </port>
  </service>
</definitions>]]></con:content><con:type>http://schemas.xmlsoap.org/wsdl/</con:type></con:part><con:part><con:url>http://localhost:8888/ws/server?xsd=1</con:url><con:content><![CDATA[<!--Published by JAX-WS RI (http://jax-ws.java.net). RI's version is JAX-WS RI 2.2.9-b130926.1035 svn-revision#5f6196f2b90e9460065a4c2f4e30e065b245e51e.-->
<xs:schema version="1.0" targetNamespace="http://myservice/" xmlns:tns="http://myservice/" xmlns:xs="http://www.w3.org/2001/XMLSchema">
  <xs:element name="downloadImage" type="tns:downloadImage"/>
  <xs:element name="downloadImageResponse" type="tns:downloadImageResponse"/>
  <xs:element name="echo" type="tns:echo"/>
  <xs:element name="echoResponse" type="tns:echoResponse"/>
  <xs:complexType name="downloadImage">
    <xs:sequence>
      <xs:element name="arg0" type="xs:string" minOccurs="0"/>
    </xs:sequence>
  </xs:complexType>
  <xs:complexType name="downloadImageResponse">
    <xs:sequence>
      <xs:element name="return" type="xs:base64Binary" minOccurs="0"/>
    </xs:sequence>
  </xs:complexType>
  <xs:complexType name="echo">
    <xs:sequence>
      <xs:element name="arg0" type="xs:string" minOccurs="0"/>
    </xs:sequence>
  </xs:complexType>
  <xs:complexType name="echoResponse">
    <xs:sequence>
      <xs:element name="return" type="xs:string" minOccurs="0"/>
    </xs:sequence>
  </xs:complexType>
</xs:schema>]]></con:content><con:type>http://www.w3.org/2001/XMLSchema</con:type></con:part></con:definitionCache><con:endpoints><con:endpoint>http://localhost:8888/ws/server</con:endpoint></con:endpoints><con:operation id="d7232aed-a170-436f-8fec-cc9afda91370" isOneWay="false" action="" name="downloadImage" bindingOperationName="downloadImage" type="Request-Response" inputName="" receivesAttachments="false" sendsAttachments="false" anonymous="optional"><con:settings/><con:call id="508b78a1-a050-4671-9251-a93f98393216" name="Request 1"><con:settings><con:setting id="com.eviware.soapui.impl.wsdl.WsdlRequest@request-headers">&lt;xml-fragment/></con:setting><con:setting id="WsdlSettings@enable-mtom">true</con:setting><con:setting id="com.eviware.soapui.impl.wsdl.WsdlRequest@force_mtom">true</con:setting><con:setting id="com.eviware.soapui.impl.wsdl.WsdlRequest@disable-multipart-attachments">true</con:setting></con:settings><con:encoding>UTF-8</con:encoding><con:endpoint>http://localhost:8888/ws/server</con:endpoint><con:request><![CDATA[<soapenv:Envelope xmlns:soapenv="http://schemas.xmlsoap.org/soap/envelope/" xmlns:mys="http://myservice/">
   <soapenv:Header/>
   <soapenv:Body>
      <mys:downloadImage>
         <!--Optional:-->
         <arg0>picture.png</arg0>
      </mys:downloadImage>
   </soapenv:Body>
</soapenv:Envelope>]]></con:request><con:credentials><con:authType>No Authorization</con:authType></con:credentials><con:jmsConfig JMSDeliveryMode="PERSISTENT"/><con:jmsPropertyConfig/><con:wsaConfig mustUnderstand="NONE" version="200508" action="http://myservice/ImageServerImpl/downloadImageRequest"/><con:wsrmConfig version="1.2"/></con:call></con:operation><con:operation id="c0f8d94f-0d7b-4322-8473-6613434ecce9" isOneWay="false" action="" name="echo" bindingOperationName="echo" type="Request-Response" inputName="" receivesAttachments="false" sendsAttachments="false" anonymous="optional"><con:settings/><con:call id="f906d89f-442d-4329-85d0-a13d87085172" name="Request 1"><con:settings/><con:encoding>UTF-8</con:encoding><con:endpoint>http://localhost:8888/ws/server</con:endpoint><con:request><![CDATA[<soapenv:Envelope xmlns:soapenv="http://schemas.xmlsoap.org/soap/envelope/" xmlns:mys="http://myservice/">
   <soapenv:Header/>
   <soapenv:Body>
      <mys:echo>
         <!--Optional:-->
         <arg0>?</arg0>
      </mys:echo>
   </soapenv:Body>
</soapenv:Envelope>]]></con:request><con:wsaConfig mustUnderstand="NONE" version="200508" action="http://myservice/ImageServerImpl/echoRequest"/></con:call></con:operation></con:interface><con:properties/><con:wssContainer/><con:oAuth2ProfileContainer/><con:oAuth1ProfileContainer/></con:soapui-project>
